IMPORT_MAP_ID,IMPORT_MAP_NAME,OBJECT_TYPE_CD,IMP_FIELD_SEQ_NUM,IMP_FIELD_NAME,SAMPLE_VAL,OBJECT_DISPLAY_NAME,OBJ_COL_DISPLAY_NAME,OBJECT_NAME,OBJ_COL_NAME,REQD_FIELD_FLAG,IGNORE_FIELD_FLAG,COLUMN_WIDTH,LOGIC_OBJ_NAME,LOGIC_OBJ_COL_NAME,SEEDED_FLAG,IMPORT_MAP_NUM,DATE_FORMAT,TIMESTAMP_FORMAT,DECIMAL_SEPARATOR,MAP_COLUMN_ID,MAP_COLUMN_NUM,OBJECT_TYPE,SOURCE_FILE_NAME,LOCKED_FLAG,EXTENSIBLE_FLAG,SEEDED_FLAG,VISIBLE_FLAG,FILE_TYPE_CODE,HEADER_ROW_INCLUDED,OBJECT_DETAIL_NAME,IMPORT_MAP_TYPE,IMPORT_TYPE,OBJECT_PARENT_LIC,OBJECT_TYPE,INT_VO_ATTR_NAME,INT_VO_ATTR_COL,TXN_VO_ATTR_NAME,TXN_VO_ATTR_TYPE,TXN_VO_ATTR_COL,TXN_VO_ATTR_LEN,TXN_VO_ATTR_TABLE,MAP_COLUMN_TYPE,CREATED_BY,CREATION_DATE,LAST_UPDATE_DATE,LAST_UPDATE_LOGIN,LAST_UPDATED_BY
"300002681258645","updateDummyPG-map-12/20/18 6:58 PM","PRODUCT_GROUP","1","PgRefNumber","300002681261623","ProductGroupBulkImport","PgRefNumber","QSC_IMP_PROD_GROUPS","PG_REF_NUMBER",,"N",,"ProductGroupBulkImport","PgRefNumber","N","300002681258645","dd/MM/yyyy","yyyy-MM-dd'T'HH:mm:ss.SSSZ",".","300002681258646","300002681258646","PRODUCT_GROUP","ProductGroup.csv","Y",,"N",,"ZIP_FILE","Y",,,,,,,,,,,,,,"pawan.sarngal@oracle.com","2018-12-20 18:58:19.444000","2018-12-20 18:58:43.501000","7D796F64CF6F8C7CE053941ECD0A8795","pawan.sarngal@oracle.com",
"300002681258645","updateDummyPG-map-12/20/18 6:58 PM","PRODUCT_GROUP","2","Language","US","ProductGroupBulkImport","Language","QSC_IMP_PROD_GROUPS","LANGUAGE",,"N",,"ProductGroupBulkImport","Language","N","300002681258645","dd/MM/yyyy","yyyy-MM-dd'T'HH:mm:ss.SSSZ",".","300002681258647","300002681258647","PRODUCT_GROUP","ProductGroup.csv","Y",,"N",,"ZIP_FILE","Y",,,,,,,,,,,,,,"pawan.sarngal@oracle.com","2018-12-20 18:58:19.444000","2018-12-20 18:58:43.501000","7D796F64CF6F8C7CE053941ECD0A8795","pawan.sarngal@oracle.com",
"300002681258645","updateDummyPG-map-12/20/18 6:58 PM","PRODUCT_GROUP","3","SourceLangFlag","Y","ProductGroupBulkImport","SourceLangFlag","QSC_IMP_PROD_GROUPS","SOURCE_LANG_FLAG",,"N",,"ProductGroupBulkImport","SourceLangFlag","N","300002681258645","dd/MM/yyyy","yyyy-MM-dd'T'HH:mm:ss.SSSZ",".","300002681258648","300002681258648","PRODUCT_GROUP","ProductGroup.csv","Y",,"N",,"ZIP_FILE","Y",,,,,,,,,,,,,,"pawan.sarngal@oracle.com","2018-12-20 18:58:19.444000","2018-12-20 18:58:43.501000","7D796F64CF6F8C7CE053941ECD0A8795","pawan.sarngal@oracle.com",
"300002681258645","updateDummyPG-map-12/20/18 6:58 PM","PRODUCT_GROUP","4","ProdGroupName","Dummy_PG","ProductGroupBulkImport","ProdGroupName","QSC_IMP_PROD_GROUPS","PROD_GROUP_NAME",,"N",,"ProductGroupBulkImport","ProdGroupName","N","300002681258645","dd/MM/yyyy","yyyy-MM-dd'T'HH:mm:ss.SSSZ",".","300002681258649","300002681258649","PRODUCT_GROUP","ProductGroup.csv","Y",,"N",,"ZIP_FILE","Y",,,,,,,,,,,,,,"pawan.sarngal@oracle.com","2018-12-20 18:58:19.444000","2018-12-20 18:58:43.501000","7D796F64CF6F8C7CE053941ECD0A8795","pawan.sarngal@oracle.com",
"300002681258645","updateDummyPG-map-12/20/18 6:58 PM","PRODUCT_GROUP","1","PgRefNumber","300002681261623","ProductGroupRelationBulkImport","PgRefNumber","QSC_IMP_PROD_GROUP_REL","PG_REF_NUMBER",,"N",,"ProductGroupRelationBulkImport","PgRefNumber","N","300002681258645","dd/MM/yyyy","yyyy-MM-dd'T'HH:mm:ss.SSSZ",".","300002681258650","300002681258650","PRODUCT_GROUP","ProductGroupRelationship.csv","Y",,"N",,"ZIP_FILE","Y",,,,,,,,,,,,,,"pawan.sarngal@oracle.com","2018-12-20 18:58:19.444000","2018-12-20 18:58:43.501000","7D796F64CF6F8C7CE053941ECD0A8795","pawan.sarngal@oracle.com",
"300002681258645","updateDummyPG-map-12/20/18 6:58 PM","PRODUCT_GROUP","2","PgRelChildRefNumber","0rr1","ProductGroupRelationBulkImport","PgRelChildRefNumber","QSC_IMP_PROD_GROUP_REL","PG_REL_CHILD_REF_NUMBER",,"N",,"ProductGroupRelationBulkImport","PgRelChildRefNumber","N","300002681258645","dd/MM/yyyy","yyyy-MM-dd'T'HH:mm:ss.SSSZ",".","300002681258651","300002681258651","PRODUCT_GROUP","ProductGroupRelationship.csv","Y",,"N",,"ZIP_FILE","Y",,,,,,,,,,,,,,"pawan.sarngal@oracle.com","2018-12-20 18:58:19.444000","2018-12-20 18:58:43.501000","7D796F64CF6F8C7CE053941ECD0A8795","pawan.sarngal@oracle.com",
"300002681258645","updateDummyPG-map-12/20/18 6:58 PM","PRODUCT_GROUP","3","RelationTypeCode","PRODUCT_GROUP_HIERARCHY","ProductGroupRelationBulkImport","RelationTypeCode","QSC_IMP_PROD_GROUP_REL","RELATION_TYPE_CODE",,"N",,"ProductGroupRelationBulkImport","RelationTypeCode","N","300002681258645","dd/MM/yyyy","yyyy-MM-dd'T'HH:mm:ss.SSSZ",".","300002681258652","300002681258652","PRODUCT_GROUP","ProductGroupRelationship.csv","Y",,"N",,"ZIP_FILE","Y",,,,,,,,,,,,,,"pawan.sarngal@oracle.com","2018-12-20 18:58:19.444000","2018-12-20 18:58:43.501000","7D796F64CF6F8C7CE053941ECD0A8795","pawan.sarngal@oracle.com",
"300002681258645","updateDummyPG-map-12/20/18 6:58 PM","PRODUCT_GROUP","4","SourceLangFlag","Y","ProductGroupRelationBulkImport","SourceLangFlag","QSC_IMP_PROD_GROUP_REL","SOURCE_LANG_FLAG",,"N",,"ProductGroupRelationBulkImport","SourceLangFlag","N","300002681258645","dd/MM/yyyy","yyyy-MM-dd'T'HH:mm:ss.SSSZ",".","300002681258653","300002681258653","PRODUCT_GROUP","ProductGroupRelationship.csv","Y",,"N",,"ZIP_FILE","Y",,,,,,,,,,,,,,"pawan.sarngal@oracle.com","2018-12-20 18:58:19.444000","2018-12-20 18:58:43.501000","7D796F64CF6F8C7CE053941ECD0A8795","pawan.sarngal@oracle.com",
"300002681258645","updateDummyPG-map-12/20/18 6:58 PM","PRODUCT_GROUP","5","Language","US","ProductGroupRelationBulkImport","Language","QSC_IMP_PROD_GROUP_REL","LANGUAGE",,"N",,"ProductGroupRelationBulkImport","Language","N","300002681258645","dd/MM/yyyy","yyyy-MM-dd'T'HH:mm:ss.SSSZ",".","300002681258654","300002681258654","PRODUCT_GROUP","ProductGroupRelationship.csv","Y",,"N",,"ZIP_FILE","Y",,,,,,,,,,,,,,"pawan.sarngal@oracle.com","2018-12-20 18:58:19.444000","2018-12-20 18:58:43.501000","7D796F64CF6F8C7CE053941ECD0A8795","pawan.sarngal@oracle.com",