INTERFACE_TABLE_NAME,BATCH_ID,MESSAGE_NAME,TOKEN1_NAME,TOKEN1_VALUE,TOKEN2_NAME,TOKEN2_VALUE,TOKEN3_NAME,TOKEN3_VALUE,NO_OF_ROWS
"QSC_IMP_PROD_GROUP_REL","300002681258694","MKT_IMP_LOAD_ERROR","ATTRIBUTENAME","PgInternalName","VOINSTANCE","ProductGroupRelationBulkImport","ERRORMSG","A matching record of type ProductGroupRelationBulkImport cannot be found using the value of the attribute (ParentPGInternalName) that you provided. (MKT-285218) Cause: No record exists with the specified user key value. Action: Verify that the record with the specified user key exists. If it does no","6",
"QSC_IMP_PROD_GROUP_REL","300002681258694","MKT_IMP_LOAD_ERROR","ATTRIBUTENAME","PgRelChildInternalName","VOINSTANCE","ProductGroupRelationBulkImport","ERRORMSG","A matching record of type ProductGroupRelationBulkImport cannot be found using the value of the attribute (ChildPGInternalName) that you provided. (MKT-285218) Cause: No record exists with the specified user key value. Action: Verify that the record with the specified user key exists. If it does not","6",
"QSC_IMP_PROD_GROUP_REL","300002681258694","MKT_IMP_LOAD_ERROR","ATTRIBUTENAME","SourceLangFlag","VOINSTANCE","ProductGroupRelationBulkImport","ERRORMSG","A matching record of type ProductGroupRelationBulkImport cannot be found using the value of the attribute (SourceLangFlag) that you provided. (MKT-285218) Cause: No record exists with the specified user key value. Action: Verify that the record with the specified user key exists. If it does not exis","6",
"QSC_IMP_PROD_GROUP_REL","300002681258694","MKT_IMP_LOAD_ERROR","ATTRIBUTENAME","Language","VOINSTANCE","ProductGroupRelationBulkImport","ERRORMSG","A matching record of type ProductGroupRelationBulkImport cannot be found using the value of the attribute (Language) that you provided. (MKT-285218) Cause: No record exists with the specified user key value. Action: Verify that the record with the specified user key exists. If it does not exist, the","6",
"QSC_IMP_PROD_GROUP_REL","300002681258694","MKT_IMP_LOAD_ERROR","ATTRIBUTENAME","RelationTypeCode","VOINSTANCE","ProductGroupRelationBulkImport","ERRORMSG","A matching record of type ProductGroupRelationBulkImport cannot be found using the value of the attribute (RelationTypeCode) that you provided. (MKT-285218) Cause: No record exists with the specified user key value. Action: Verify that the record with the specified user key exists. If it does not ex","6",