IMPORT_MAP_ID,IMPORT_MAP_NAME,OBJECT_TYPE_CD,IMP_FIELD_SEQ_NUM,IMP_FIELD_NAME,SAMPLE_VAL,OBJECT_DISPLAY_NAME,OBJ_COL_DISPLAY_NAME,OBJECT_NAME,OBJ_COL_NAME,REQD_FIELD_FLAG,IGNORE_FIELD_FLAG,COLUMN_WIDTH,LOGIC_OBJ_NAME,LOGIC_OBJ_COL_NAME,SEEDED_FLAG,IMPORT_MAP_NUM,DATE_FORMAT,TIMESTAMP_FORMAT,DECIMAL_SEPARATOR,MAP_COLUMN_ID,MAP_COLUMN_NUM,OBJECT_TYPE,SOURCE_FILE_NAME,LOCKED_FLAG,EXTENSIBLE_FLAG,SEEDED_FLAG,VISIBLE_FLAG,FILE_TYPE_CODE,HEADER_ROW_INCLUDED,OBJECT_DETAIL_NAME,IMPORT_MAP_TYPE,IMPORT_TYPE,OBJECT_PARENT_LIC,OBJECT_TYPE,INT_VO_ATTR_NAME,INT_VO_ATTR_COL,TXN_VO_ATTR_NAME,TXN_VO_ATTR_TYPE,TXN_VO_ATTR_COL,TXN_VO_ATTR_LEN,TXN_VO_ATTR_TABLE,MAP_COLUMN_TYPE,CREATED_BY,CREATION_DATE,LAST_UPDATE_DATE,LAST_UPDATE_LOGIN,LAST_UPDATED_BY
"300002681258687","updateDummyPG12-map-12/20/18 7:24 PM","PRODUCT_GROUP","1","ParentPGInternalName","Dummy_PG","ProductGroupRelationBulkImport","PgInternalName","QSC_IMP_PROD_GROUP_REL","PG_INTERNAL_NAME",,,,"ProductGroupRelationBulkImport","PgInternalName","N","300002681258687","dd/MM/yyyy","yyyy-MM-dd'T'HH:mm:ss.SSSZ",".","300002681258688","300002681258688","PRODUCT_GROUP","ProductGroupRelationship.csv","Y",,"N",,"TEXT_FILE","Y",,,,,,,,,,,,,,"pawan.sarngal@oracle.com","2018-12-20 19:24:24.177000","2018-12-20 19:26:08.001000","7D79FFFCA3D40497E0539A1ECD0A1457","pawan.sarngal@oracle.com",
"300002681258687","updateDummyPG12-map-12/20/18 7:24 PM","PRODUCT_GROUP","2","ChildPGInternalName","OAL RR  Test 1","ProductGroupRelationBulkImport","PgRelChildInternalName","QSC_IMP_PROD_GROUP_REL","PG_REL_CHILD_INTERNAL_NAME",,,,"ProductGroupRelationBulkImport","PgRelChildInternalName","N","300002681258687","dd/MM/yyyy","yyyy-MM-dd'T'HH:mm:ss.SSSZ",".","300002681258689","300002681258689","PRODUCT_GROUP","ProductGroupRelationship.csv","Y",,"N",,"TEXT_FILE","Y",,,,,,,,,,,,,,"pawan.sarngal@oracle.com","2018-12-20 19:24:24.177000","2018-12-20 19:26:08.001000","7D79FFFCA3D40497E0539A1ECD0A1457","pawan.sarngal@oracle.com",
"300002681258687","updateDummyPG12-map-12/20/18 7:24 PM","PRODUCT_GROUP","3","RelationTypeCode","PRODUCT_GROUP_HIERARCHY","ProductGroupRelationBulkImport","RelationTypeCode","QSC_IMP_PROD_GROUP_REL","RELATION_TYPE_CODE",,,,"ProductGroupRelationBulkImport","RelationTypeCode","N","300002681258687","dd/MM/yyyy","yyyy-MM-dd'T'HH:mm:ss.SSSZ",".","300002681258690","300002681258690","PRODUCT_GROUP","ProductGroupRelationship.csv","Y",,"N",,"TEXT_FILE","Y",,,,,,,,,,,,,,"pawan.sarngal@oracle.com","2018-12-20 19:24:24.177000","2018-12-20 19:26:08.001000","7D79FFFCA3D40497E0539A1ECD0A1457","pawan.sarngal@oracle.com",
"300002681258687","updateDummyPG12-map-12/20/18 7:24 PM","PRODUCT_GROUP","4","SourceLangFlag","Y","ProductGroupRelationBulkImport","SourceLangFlag","QSC_IMP_PROD_GROUP_REL","SOURCE_LANG_FLAG",,,,"ProductGroupRelationBulkImport","SourceLangFlag","N","300002681258687","dd/MM/yyyy","yyyy-MM-dd'T'HH:mm:ss.SSSZ",".","300002681258691","300002681258691","PRODUCT_GROUP","ProductGroupRelationship.csv","Y",,"N",,"TEXT_FILE","Y",,,,,,,,,,,,,,"pawan.sarngal@oracle.com","2018-12-20 19:24:24.177000","2018-12-20 19:26:08.001000","7D79FFFCA3D40497E0539A1ECD0A1457","pawan.sarngal@oracle.com",
"300002681258687","updateDummyPG12-map-12/20/18 7:24 PM","PRODUCT_GROUP","5","Language","US","ProductGroupRelationBulkImport","Language","QSC_IMP_PROD_GROUP_REL","LANGUAGE",,,,"ProductGroupRelationBulkImport","Language","N","300002681258687","dd/MM/yyyy","yyyy-MM-dd'T'HH:mm:ss.SSSZ",".","300002681258692","300002681258692","PRODUCT_GROUP","ProductGroupRelationship.csv","Y",,"N",,"TEXT_FILE","Y",,,,,,,,,,,,,,"pawan.sarngal@oracle.com","2018-12-20 19:24:24.177000","2018-12-20 19:26:08.001000","7D79FFFCA3D40497E0539A1ECD0A1457","pawan.sarngal@oracle.com",