IMPORT_MAP_ID,IMPORT_MAP_NAME,OBJECT_TYPE_CD,IMP_FIELD_SEQ_NUM,IMP_FIELD_NAME,SAMPLE_VAL,OBJECT_DISPLAY_NAME,OBJ_COL_DISPLAY_NAME,OBJECT_NAME,OBJ_COL_NAME,REQD_FIELD_FLAG,IGNORE_FIELD_FLAG,COLUMN_WIDTH,LOGIC_OBJ_NAME,LOGIC_OBJ_COL_NAME,SEEDED_FLAG,IMPORT_MAP_NUM,DATE_FORMAT,TIMESTAMP_FORMAT,DECIMAL_SEPARATOR,MAP_COLUMN_ID,MAP_COLUMN_NUM,OBJECT_TYPE,SOURCE_FILE_NAME,LOCKED_FLAG,EXTENSIBLE_FLAG,SEEDED_FLAG,VISIBLE_FLAG,FILE_TYPE_CODE,HEADER_ROW_INCLUDED,OBJECT_DETAIL_NAME,IMPORT_MAP_TYPE,IMPORT_TYPE,OBJECT_PARENT_LIC,OBJECT_TYPE,INT_VO_ATTR_NAME,INT_VO_ATTR_COL,TXN_VO_ATTR_NAME,TXN_VO_ATTR_TYPE,TXN_VO_ATTR_COL,TXN_VO_ATTR_LEN,TXN_VO_ATTR_TABLE,MAP_COLUMN_TYPE,CREATED_BY,CREATION_DATE,LAST_UPDATE_DATE,LAST_UPDATE_LOGIN,LAST_UPDATED_BY
"300002681230658","updateDummyPG12-map-12/21/18 6:23 AM","PRODUCT_GROUP","1","PgRefNumber","300002681261623","ProductGroupBulkImport","PgRefNumber","QSC_IMP_PROD_GROUPS","PG_REF_NUMBER",,"N",,"ProductGroupBulkImport","PgRefNumber","N","300002681230658","dd/MM/yyyy","yyyy-MM-dd'T'HH:mm:ss.SSSZ",".","300002681230659","300002681230659","PRODUCT_GROUP","ProductGroup.csv","Y",,"N",,"ZIP_FILE","Y",,,,,,,,,,,,,,"pawan.sarngal@oracle.com","2018-12-21 06:23:59.147000","2018-12-21 06:25:09.428000","7D7C553EE0019C34E053921ECD0A5AA3","pawan.sarngal@oracle.com",
"300002681230658","updateDummyPG12-map-12/21/18 6:23 AM","PRODUCT_GROUP","2","Language","US","ProductGroupBulkImport","Language","QSC_IMP_PROD_GROUPS","LANGUAGE",,"N",,"ProductGroupBulkImport","Language","N","300002681230658","dd/MM/yyyy","yyyy-MM-dd'T'HH:mm:ss.SSSZ",".","300002681230660","300002681230660","PRODUCT_GROUP","ProductGroup.csv","Y",,"N",,"ZIP_FILE","Y",,,,,,,,,,,,,,"pawan.sarngal@oracle.com","2018-12-21 06:23:59.147000","2018-12-21 06:25:09.428000","7D7C553EE0019C34E053921ECD0A5AA3","pawan.sarngal@oracle.com",
"300002681230658","updateDummyPG12-map-12/21/18 6:23 AM","PRODUCT_GROUP","3","SourceLangFlag","Y","ProductGroupBulkImport","SourceLangFlag","QSC_IMP_PROD_GROUPS","SOURCE_LANG_FLAG",,"N",,"ProductGroupBulkImport","SourceLangFlag","N","300002681230658","dd/MM/yyyy","yyyy-MM-dd'T'HH:mm:ss.SSSZ",".","300002681230661","300002681230661","PRODUCT_GROUP","ProductGroup.csv","Y",,"N",,"ZIP_FILE","Y",,,,,,,,,,,,,,"pawan.sarngal@oracle.com","2018-12-21 06:23:59.147000","2018-12-21 06:25:09.428000","7D7C553EE0019C34E053921ECD0A5AA3","pawan.sarngal@oracle.com",
"300002681230658","updateDummyPG12-map-12/21/18 6:23 AM","PRODUCT_GROUP","4","ProdGroupName","Dummy_PG","ProductGroupBulkImport","ProdGroupName","QSC_IMP_PROD_GROUPS","PROD_GROUP_NAME",,"N",,"ProductGroupBulkImport","ProdGroupName","N","300002681230658","dd/MM/yyyy","yyyy-MM-dd'T'HH:mm:ss.SSSZ",".","300002681230662","300002681230662","PRODUCT_GROUP","ProductGroup.csv","Y",,"N",,"ZIP_FILE","Y",,,,,,,,,,,,,,"pawan.sarngal@oracle.com","2018-12-21 06:23:59.147000","2018-12-21 06:25:09.428000","7D7C553EE0019C34E053921ECD0A5AA3","pawan.sarngal@oracle.com",
"300002681230658","updateDummyPG12-map-12/21/18 6:23 AM","PRODUCT_GROUP","1","ParentPGInternalName","Dummy_PG","ProductGroupRelationBulkImport","PgInternalName","QSC_IMP_PROD_GROUP_REL","PG_INTERNAL_NAME",,"N",,"ProductGroupRelationBulkImport","PgInternalName","N","300002681230658","dd/MM/yyyy","yyyy-MM-dd'T'HH:mm:ss.SSSZ",".","300002681230663","300002681230663","PRODUCT_GROUP","ProductGroupRelationship.csv","Y",,"N",,"ZIP_FILE","Y",,,,,,,,,,,,,,"pawan.sarngal@oracle.com","2018-12-21 06:23:59.147000","2018-12-21 06:25:09.428000","7D7C553EE0019C34E053921ECD0A5AA3","pawan.sarngal@oracle.com",
"300002681230658","updateDummyPG12-map-12/21/18 6:23 AM","PRODUCT_GROUP","2","ChildPGInternalName","WAVE_Demo/SubPG6/REST/83834","ProductGroupRelationBulkImport","PgRelChildInternalName","QSC_IMP_PROD_GROUP_REL","PG_REL_CHILD_INTERNAL_NAME",,"N",,"ProductGroupRelationBulkImport","PgRelChildInternalName","N","300002681230658","dd/MM/yyyy","yyyy-MM-dd'T'HH:mm:ss.SSSZ",".","300002681230664","300002681230664","PRODUCT_GROUP","ProductGroupRelationship.csv","Y",,"N",,"ZIP_FILE","Y",,,,,,,,,,,,,,"pawan.sarngal@oracle.com","2018-12-21 06:23:59.147000","2018-12-21 06:25:09.428000","7D7C553EE0019C34E053921ECD0A5AA3","pawan.sarngal@oracle.com",
"300002681230658","updateDummyPG12-map-12/21/18 6:23 AM","PRODUCT_GROUP","3","RelationTypeCode","PRODUCT_GROUP_HIERARCHY","ProductGroupRelationBulkImport","RelationTypeCode","QSC_IMP_PROD_GROUP_REL","RELATION_TYPE_CODE",,"N",,"ProductGroupRelationBulkImport","RelationTypeCode","N","300002681230658","dd/MM/yyyy","yyyy-MM-dd'T'HH:mm:ss.SSSZ",".","300002681230665","300002681230665","PRODUCT_GROUP","ProductGroupRelationship.csv","Y",,"N",,"ZIP_FILE","Y",,,,,,,,,,,,,,"pawan.sarngal@oracle.com","2018-12-21 06:23:59.147000","2018-12-21 06:25:09.428000","7D7C553EE0019C34E053921ECD0A5AA3","pawan.sarngal@oracle.com",
"300002681230658","updateDummyPG12-map-12/21/18 6:23 AM","PRODUCT_GROUP","4","SourceLangFlag","Y","ProductGroupRelationBulkImport","SourceLangFlag","QSC_IMP_PROD_GROUP_REL","SOURCE_LANG_FLAG",,"N",,"ProductGroupRelationBulkImport","SourceLangFlag","N","300002681230658","dd/MM/yyyy","yyyy-MM-dd'T'HH:mm:ss.SSSZ",".","300002681230666","300002681230666","PRODUCT_GROUP","ProductGroupRelationship.csv","Y",,"N",,"ZIP_FILE","Y",,,,,,,,,,,,,,"pawan.sarngal@oracle.com","2018-12-21 06:23:59.147000","2018-12-21 06:25:09.428000","7D7C553EE0019C34E053921ECD0A5AA3","pawan.sarngal@oracle.com",
"300002681230658","updateDummyPG12-map-12/21/18 6:23 AM","PRODUCT_GROUP","5","Language","US","ProductGroupRelationBulkImport","Language","QSC_IMP_PROD_GROUP_REL","LANGUAGE",,"N",,"ProductGroupRelationBulkImport","Language","N","300002681230658","dd/MM/yyyy","yyyy-MM-dd'T'HH:mm:ss.SSSZ",".","300002681230667","300002681230667","PRODUCT_GROUP","ProductGroupRelationship.csv","Y",,"N",,"ZIP_FILE","Y",,,,,,,,,,,,,,"pawan.sarngal@oracle.com","2018-12-21 06:23:59.147000","2018-12-21 06:25:09.428000","7D7C553EE0019C34E053921ECD0A5AA3","pawan.sarngal@oracle.com",